"Region","Player","Payout","RawPowerPoints"
"Asia","CR.がちがち TAKAMURA","41725","8849.76"
"Asia","CR.がちがち RizArt","38625","7627.75"
"Asia","Maufin xd","38500","7572.28"
"Asia","KGA SexyBoy","32150","10031.03"
"Asia","Meta Peterpan","30200","8340.08"
"Asia","TOP_がちがち FaxFox","24200","9811.84"
"Asia","Meta SinOoh","21350","7310.46"
"Asia","T1 Medusa iwnl","21300","7994.82"
"Asia","Meta Hood.J","20900","7285.60"
"Asia","TOP_Ming","13850","7217.64"
"Asia","won btw","13825","7024.75"
"Asia","T1 Quickss","13425","6082.74"
"Asia","TOP_Banny iwnl","13250","7712.14"
"Asia","Weibo_Aduo.CN","12675","8798.09"
"Asia","1lIﾂ","12450","6428.68"
"Asia","GE_fa1zzy","11900","6671.40"
"Asia","TOP_Aimhero_o","11825","8086.26"
"Asia","Meta Spidermon","11800","6154.38"
"Asia","KGA backho","11600","5845.17"
"Asia","TOP_Puzz","11075","5256.14"
"Asia","GE_Swillium","10925","6552.88"
"Asia","WGS_Horde","10850","5839.44"
"Asia","WGS_Qoo","10800","5839.44"
"Asia","NewbeeXXM","10400","4451.63"
"Asia","CR-Yusea","10325","8683.05"
"Asia","Bobu xd","10200","4383.33"
"Asia","Ortensia Gepard","9600","5116.72"
"Asia","TriggerQQ Flame","9375","4619.89"
"Asia","CR.がちがち bell","9375","4909.57"
"Asia","TriggerQQ Uniq","9300","4430.14"
"Asia","14 Albedo","9250","4988.88"
"Asia","Ortensia Minty","9100","5808.20"
"Asia","Newbee_WenQian","9075","7241.60"
"Asia","WGS_JAG","8400","5676.07"
"Asia","GE_Paengdol","8275","6164.81"
"Asia","Macyfishy","7750","5934.19"
"Asia","T1 Arius iwnl","7600","5384.71"
"Asia","Meta Envy","7500","4711.25"
"Asia","Newbee_uxo","7125","6989.89"
"Asia","GE_milfy1","7000","4468.40"
"Asia","Meta HardCarry","6725","4631.35"
"Asia","CR.Toppy1220","6575","4816.59"
"Asia","4RaiF_Nagomin","6475","6501.89"
"Asia","4RaiF_GoRou","6275","6504.41"
"Asia","SZ_Melon","6175","5214.95"
"Asia","CR.Scarlet No.1","5950","4060.27"
"Asia","Newbee_xMende","5850","3877.08"
"Asia","Maesar xd","5725","2938.33"
"Asia","4RaiF_Tonbo","5425","5668.63"
"Asia","Riddle Fire","5250","4444.55"
"Asia","WGS_MacChan","5225","4440.63"
"Asia","Liberta ぼくラグナ","5225","3934.90"
"Asia","AutobahnGallaxY","5200","3656.64"
"Asia","Riddle Lexqss","5175","4433.98"
"Asia","Rz.剣聖ぺた","5125","4133.29"
"Asia","WGS_Sopra","5075","5522.02"
"Asia","Shinckyfishy","5050","5982.21"
"Asia","SV_peach.CN","5050","3858.40"
"Asia","JET SHIRONEKO","5050","3732.06"
"Asia","WGS_HOON","4875","5670.85"
"Asia","BlossoM Tsunami","4825","4902.59"
"Asia","seopyun","4675","4528.35"
"Asia","CODE GE_Eraser","4525","4205.45"
"Asia","CR.VanilLa","4450","3932.47"
"Asia","BRZ_SouGaming","4200","2896.90"
"Asia","BLS NinGDO iwnl","4175","4933.57"
"Asia","BlossoM JoKer","4075","3915.38"
"Asia","CR.Daruma","4025","3390.21"
"Asia","CR.Arisakaaa","4000","3217.17"
"Asia","GE_Zuko","3975","6010.71"
"Asia","とりですですｗｗｗｗｗｗｗｗｗｗ","3875","3430.38"
"Asia","CP_Cursive","3675","3824.04"
"Asia","BG Kurara","3675","5575.54"
"Asia","SvR.クレンYouTube","3675","5459.66"
"Asia","Rz.ドメスティックなちょこらぶ","3650","4308.12"
"Asia","iNTRO-o-","3650","3664.51"
"Asia","SqeR はむっぴ","3575","3270.34"
"Asia","Violet CeRes","3500","4116.95"
"Asia","Ace1 CLZ","3450","4825.48"
"Asia","DDEDDEDDE-_-","3350","3962.42"
"Asia","SZ_KilluA","3325","4955.54"
"Asia","Riddle Nisidera","3325","4228.48"
"Asia","Weibo_ShenLan.CN","3300","4232.80"
"Asia","CODE CR-Scarlet","3250","742.57"
"Asia","Impact Jeongwoo","3250","4110.35"
"Asia","RVG_Kushi","3200","2796.52"
"Asia","SvR.たっとYouTube","3175","4971.43"
"Asia","SV_Saber.CN","3150","4245.02"
"Asia","SCARZ_MuGI ㅎωㅎ","3050","4007.30"
"Asia","Liberta ぼくるくる","3000","4214.55"
"Asia","Ace1 POSK","2975","4393.91"
"Asia","AlterEgo Feezle","2975","4370.43"
"Asia","Ac.TayTayッッ","2950","3784.30"
"Asia","JET CHICKENOOB","2925","3821.23"
"Asia","GCBM GGK","2925","4362.65"
"Asia","Altima RIKI","2850","4146.28"
"Asia","CP_Dabzi","2850","2991.21"
"Asia","AlterEgo.nomfu","2800","3794.59"
"Asia","BlossoM Seongho","2750","3601.14"
"Asia","Impact Zepher","2750","3480.14"
"Asia","JOB.しゅんしゃん","2725","3432.39"
"Asia","CR.Crazyラマ","2700","4397.18"
"Asia","りべるた やまだ","2675","3799.29"
"Asia","totot_Mix","2600","2516.51"
"Asia","GCBM CoSa","2575","3689.09"
"Asia","GCBM BoKyu","2525","3340.62"
"Asia","cxv.やせのっぽ","2525","4063.39"
"Asia","C9_Duty","2500","3201.68"
"Asia","Its Mentama","2500","3507.75"
"Asia","CR.UyuRiru","2425","3058.75"
"Asia","Phate-o-","2425","3281.38"
"Asia","DTN Nasubi","2350","3177.73"
"Asia","4RaiF_min10ns","2350","3602.97"
"Asia","HN-Tempura","2325","3712.45"
"Asia","BG そふぃあだよおおおおおお","2300","3057.48"
"Asia","TOP_include","2275","3604.71"
"Asia","Sunfloweboy","2250","2825.09"
"Asia","AlterEgo.Mev","2250","2960.74"
"Asia","GE_Scout","2225","3352.09"
"Asia","Rz.殲滅のぜるくん","2225","2649.65"
"Asia","Overlordism","2200","2594.48"
"Asia","Physecks","2175","3360.54"
"Asia","Space Infinity F","2150","3440.05"
"Asia","Altima jozya","2125","2923.46"
"Asia","ANBU.Cabbage","2100","2714.72"
"Asia","GW_Nephrite","2100","3133.75"
"Asia","K2 NezaR","2100","2847.45"
"Asia","Rz.tako_o","2050","2332.61"
"Asia","Σ.太ってるたく","2050","2704.58"
"Asia","Youtube Ac.RazL","2025","2768.99"
"Asia","GL_Shiras","2025","2754.32"
"Asia","A q x l i","2000","1914.92"
"Asia","DNA - Hunter","2000","2777.82"
"Asia","SCARZ_Lise ㅎㅅㅎ","2000","3052.68"
"Asia","New Gaymer","2000","2025.21"
"Asia","OJZ.Mint iwnl","2000","2035.17"
"Asia","風神さるじー","2000","2726.29"
"Asia","MJF A4なの","1975","2533.26"
"Asia","hipster.ista","1975","3311.90"
"Asia","Altima overStun","1950","2745.15"
"Asia","ZEROSIA JP","1950","1159.63"
"Asia","寺田おし","1925","1929.54"
"Asia","Altima Chipson","1925","2563.15"
"Asia","Shin gwan","1925","1524.91"
"Asia","cherwei","1900","2878.56"
"Asia","CR.Francisco","1875","2222.63"
"Asia","老神あぽえり ッ","1850","2160.30"
"Asia","Twitch_Kyuhan","1825","2212.19"
"Asia","MJF Zenith gzw","1825","1926.85"
"Asia","Rz.Aimrain","1750","2301.33"
"Asia","Winners vicx","1750","2254.85"
"Asia","ДЕНИС БОГ ИГРЫ","1750","2991.68"
"Asia","U s e r A","1725","2504.34"
"Asia","SV_hair.CN","1700","2057.82"
"Asia","SV_Gangsta.CN","1675","2479.12"
"Asia","ANBU.Howl","1675","1630.07"
"Asia","LF-Rotation.CN","1650","2236.68"
"Asia","Misty Aim","1650","2683.93"
"Asia","RSG Invoke","1625","2402.93"
"Asia","SV_Hootin.CN","1625","2552.43"
"Asia","KinG_1peace","1625","2600.38"
"Asia","柊 niyanko","1625","2287.68"
"Asia","Roguekorea","1600","2191.98"
"Asia","Riddle Reo","1600","2163.21"
"Asia","Seal iwnl","1600","2315.12"
"Asia","noonMap","1600","2333.91"
"Asia","RSG Wisa","1575","2650.01"
"Asia","Aiddle AmEYOIN","1575","2582.99"
"Asia","KENTAch-YOUTUBE","1550","1089.10"
"Asia","Lettuce_e","1550","1328.81"
"Asia","GL_bykn","1525","2129.05"
"Asia","cxv.伊藤TAX","1525","2294.87"
"Asia","CP_Mellow","1500","1968.12"
"Asia","GL_GULICK","1500","1717.40"
"Asia","King.Sone","1475","2046.96"
"Asia","KGA Its Maehwaa","1450","2237.70"
"Asia","5等分のタスク","1450","607.67"
"Asia","RRQ Hеrо Kappa","1450","1552.74"
"Asia","User unknown 77","1425","2171.71"
"Asia","AriA-14.gg","1425","1518.79"
"Asia","kou_o","1425","2022.52"
"Asia","Kou always lose","1425","2476.82"
"Asia","ਅਕਬਾਨਕੇਓ ਆਈਵਨਲ","1425","1397.31"
"Asia","柊 ℳiv4t","1400","2107.80"
"Asia","GE_Nut","1400","2220.63"
"Asia","AlterEgo.dNis","1400","1901.95"
"Asia","BRZ unreal Seafo","1375","2011.45"
"Asia","GL_Nizzy","1375","1777.37"
"Asia","Frenzy.iwnl","1375","1837.77"
"Asia","BG Mayo","1350","1595.98"
"Asia","BB FUKA","1350","2022.15"
"Asia","VANC ICHIGO","1350","1629.44"
"Asia","RVG_YAMAKIN","1350","1521.37"
"Asia","육봉다리봉다리육","1325","1916.20"
"Asia","native bot","1300","2098.84"
"Asia","CPA_Horde","1300","1610.12"
"Asia","KOR どろしぃ いず ぬーぶ","1300","1502.58"
"Asia","FL.Spirit","1275","2058.08"
"Asia","ふぉーとないたーふゆっぺ","1275","1580.82"
"Asia","五等分の花嫁が好きなAlice","1250","1163.78"
"Asia","EVOS.Sams","1250","1910.61"
"Asia","2lIﾂ","1250","1869.71"
"Asia","Mrs.Aimbotッ","1250","2002.00"
"Asia","Märtý","1250","1186.35"
"Asia","MJF TOR","1225","1677.37"
"Asia","Violet H 手汗 脇汗","1200","1599.14"
"Asia","CR.Cornn","1200","1277.75"
"Asia","FL.Salvo","1200","2164.81"
"Asia","Killed By NetloV","1200","1823.63"
"Asia","IWill Never Lose","1200","2072.24"
"Asia","Lyick_","1175","1762.32"
"Asia","가짜 한국 jigsocw .","1175","1785.19"
"Asia","Zero7 Lightt_LL","1175","1728.29"
"Asia","steady -_-","1150","1798.89"
"Asia","RTG Visqu1n","1125","1585.68"
"Asia","LF-小阿星.CN","1125","1739.22"
"Asia","KING-Velody1","1100","1765.31"
"Asia","ILL iwnl","1100","1372.26"
"Asia","Rz.Bombclown","1100","1243.11"
"Asia","VeFs どんざうるす","1100","1297.47"
"Asia","上からの太陽光発電ｗｗｗ","1100","1280.92"
"Asia","Rdp Kame","1075","1436.74"
"Asia","Riddle Aiz","1050","1683.37"
"Asia","SqeR Ѧrticllë.","1050","987.72"
"Asia","沢蟹 AIM ッ","1050","1417.47"
"Asia","ぺがっとぺがぺが","1025","1113.35"
"Asia","STAN_除菌","1025","1453.61"
"Asia","Riddle GoriX","1025","1298.36"
"Asia","Rdp Pipe","1025","1745.10"
"Asia","Psyduck-","1025","1465.30"
"Asia","NEXUS_みかげいんぽっしぶる","1025","890.15"
"Asia","BG ryu24","1025","1558.05"
"Asia","CqRe7 ごっちょやまもちょ","1000","1388.38"
"Asia","EVOS.Qbo POPMIE","1000","1382.92"
"Asia","loserA iwnl","1000","1585.51"
"Asia","Rabbit_さはら","1000","1286.27"
"Asia","猪猪猪猪猪瞎","1000","1574.89"
"Asia","γλыδнμςьツ","1000","1504.57"
"Asia","flipz03","975","1513.54"
"Asia","HN-Dom","975","1432.39"
"Asia","BotHallo","975","1535.07"
"Asia","BK はるきよ","975","1284.55"
"Asia","Liberta あえお","950","1571.63"
"Asia","Kyaro_oO","950","1257.91"
"Asia","Want join team S","950","1066.73"
"Asia","超絶美少女くうちゃんまん","950","1303.22"
"Asia","Strafe is sus","925","1145.36"
"Asia","Pisesh bantiK","925","1139.82"
"Asia","LukeGG.","925","975.30"
"Asia","EVOS.Prototype-","925","1456.82"
"Asia","ExiLed ID-Aeeryn","900","1284.66"
"Asia","Joniel.","900","1004.81"
"Asia","Col_鼻毛を抜きたいなおや","900","1182.13"
"Asia","MrsGREEEEN","900","1353.03"
"Asia","REC Harmful","900","0.00"
"Asia","REC Triggу","900","0.00"
"Asia","Vayne WC","900","0.00"
"Asia","VANC AROE","900","1034.62"
"Asia","xⅬqRphＷＷＷＷＷＷＷＷＷＷ","875","902.27"
"Asia","Rz.友達零式SEKOSAMA","875","1067.23"
"Asia","Drake ごちゃまる","875","1221.89"
"Asia","Buny iwnl","875","1156.39"
"Asia","BB.CRL","850","1217.11"
"Asia","2SNgNl","850","1008.25"
"Asia","Allude iwnl","850","934.17"
"Asia","cresc.ゆりぃ","850","1444.54"
"Asia","Instinct Nest","850","1356.92"
"Asia","HN-KG","850","1192.62"
"Asia","肉派 すしや","850","1196.12"
"Asia","本間ひまわり","850","991.21"
"Asia","Σ.しぐま","850","1055.01"
"Asia","ANBU.Cyaniteツ","825","1238.01"
"Asia","brokeboi adam","825","1086.91"
"Asia","MiTH_MUSTACH3z","825","1190.22"
"Asia","WRG 負け犬Yoshi","825","1210.67"
"Asia","VegaS iwnl","825","1153.71"
"Asia","SvR.はすきぃYouTube","825","1015.88"
"Asia","Violet Dizarl","800","1097.10"
"Asia","Weibo_PangZi.CN","800","1209.05"
"Asia","Ortensia MonJ","800","1381.67"
"Asia","Breeeze_びちゃ","800","1185.23"
"Asia","1歳6ヶ月","800","975.01"
"Asia","HN-Cold","800","1307.67"
"Asia","harutoon xd","800","1263.37"
"Asia","Xx-MONALIZA-xX","800","1153.09"
"Asia","ごっとらびっと","800","1019.60"
"Asia","Σ.サマーサーフィン","775","1206.29"
"Asia","zenoxㅤ","775","1061.71"
"Asia","KOR Destyle","775","1001.21"
"Asia","ANBU.Kibo","775","1158.68"
"Asia","Nwell buterbrod","775","1220.32"
"Asia","SV_MёŁŁ.CN","775","1025.61"
"Asia","T1 PSANGAE","750","959.43"
"Asia","WAW.meCyx","750","1052.25"
"Asia","WAW.NotWibu","750","1150.42"
"Asia","USER-46976076f16","750","1426.66"
"Asia","sad boy tom iwnl","750","1234.82"
"Asia","RSG Ryzera","750","848.63"
"Asia","BRZ_sciy","750","1190.76"
"Asia","cxv.Puzzle","750","1013.17"
"Asia","chap on オムライス","750","974.68"
"Asia","EVOS.H4dez","750","1041.61"
"Asia","flo1zy buterbrod","750","1174.19"
"Asia","らどるふ","750","986.02"
"Asia","なえとる君","750","1069.89"
"Asia","ハナイキだぅ","750","802.06"
"Asia","Hari.x","725","696.43"
"Asia","Instinct History","725","1187.59"
"Asia","4KPEC_C iww","725","947.66"
"Asia","Ace_くれめんす","725","851.03"
"Asia","Rz.MrCrystal X","725","1197.13"
"Asia","qisury","725","1179.49"
"Asia","Not Stunt","725","859.13"
"Asia","MJF たけまるぅぅ","725","856.17"
"Asia","Use Code_NinNin","725","1104.71"
"Asia","Violet るる","725","1179.35"
"Asia","Winners Hava","725","1038.26"
"Asia","W-Key Metsuo","700","1079.70"
"Asia","Unknown.しのぶ","700","1158.42"
"Asia","TriggerQQ Prime","700","1053.47"
"Asia","SV_Gtea.CN","700","953.60"
"Asia","SWIFT toggle","700","1017.34"
"Asia","sickerz.iwnl","700","995.05"
"Asia","Meiy.nf","700","995.95"
"Asia","Loski HarlemO","700","870.33"
"Asia","rash -_-","700","1168.86"
"Asia","S2 Bumboy","700","0.00"
"Asia","RTG 벤츠","700","881.73"
"Asia","Ac.TSくんxd","700","504.05"
"Asia","4DRStorm.","700","0.00"
"Asia","Col はいぱー","700","776.33"
"Asia","im keizz","700","1147.77"
"Asia","KNG Tavern","700","0.00"
"Asia","hisoooo","700","1052.89"
"Asia","Glanz_Nekorip","700","1146.99"
"Asia","ゆるふわふらっと","700","747.79"
"Asia","きちきち.","700","1158.42"
"Asia","そらジローだにょおおおおおおおん","700","905.93"
"Asia","Σ.Mikoya","675","1043.41"
"Asia","KING Sexyboy","675","1088.72"
"Asia","BG ぽんぺしょっとがん","675","1127.35"
"Asia","sad boy ted","675","1066.14"
"Asia","psn(nNoooooooiX)","675","959.33"
"Asia","Pacify RaymarkPH","675","1012.69"
"Asia","SqeR じゅいず","675","1049.40"
"Asia","Rz.bomsan","650","987.62"
"Asia","MJF t4kEm4Ruu","650","1197.45"
"Asia","Atlas.Kune","650","643.66"
"Asia","BLOW_かいくんまんだう","650","834.27"
"Asia","Ac はるく","650","744.23"
"Asia","CP_Doom","650","756.95"
"Asia","DamzesGG","650","918.84"
"Asia","imsOund iwnl","650","912.49"
"Asia","GCBM BellTick","650","1109.00"
"Asia","FA GilbyMars","650","838.16"
"Asia","FA Zuity iwnl","625","1078.10"
"Asia","LeXy ReaLize","625","1099.03"
"Asia","EON.wallrev","625","919.49"
"Asia","Bot is fish","625","986.16"
"Asia","Autobahn 토 란","625","810.03"
"Asia","mw600-dr","625","934.04"
"Asia","Sternlicht.","625","635.03"
"Asia","XXM iwnl","625","811.75"
"Asia","zakoheishi","600","839.41"
"Asia","せいきんの孫_x.Aim","600","917.83"
"Asia","ここまるてぃーちゃー","600","664.18"
"Asia","えぃむぼっと","600","155.19"
"Asia","おかぬび","600","931.65"
"Asia","もえこえぜーれ","600","762.52"
"Asia","TF G2","600","1050.98"
"Asia","Weibo_Easy.CN","600","794.50"
"Asia","NEXUS_みんくん","600","439.22"
"Asia","NEXUS_ヒーローととち","600","535.40"
"Asia","Mrチップ","600","604.86"
"Asia","S2 rehx","600","0.00"
"Asia","Rein is Ac","600","637.26"
"Asia","5kyfull","600","616.23"
"Asia","Col_Akairo YT","600","691.83"
"Asia","Cented","600","0.00"
"Asia","CA.CraNelu","600","1023.61"
"Asia","liryC","600","941.05"
"Asia","IMP Sanctier","600","535.85"
"Asia","FŁøýď","600","661.13"
"Asia","FLY Edgey","600","0.00"
"Asia","gash iwnl","600","929.70"
"Asia","Ghost BMR","575","588.00"
"Asia","MaGuR_-o","575","693.80"
"Asia","WolfeyHyper","575","844.95"
"Asia","SWIFT C1G0L","575","743.22"
"Asia","VegaS iwnl.","550","795.66"
"Asia","Rrypt","550","826.95"
"Asia","PANDORA zabnaj2K","550","884.23"
"Asia","llllIlIlIlIlIlI","550","575.18"
"Asia","Absorb.こがわうビット","550","622.73"
"Asia","AT.Hinatarou","550","705.66"
"Asia","るんるん","550","564.00"
"Asia","バナ夫 ッ","525","450.23"
"Asia","茶漬け_JP","525","818.46"
"Asia","YGR.cocochan","525","530.88"
"Asia","14 cotatu","525","565.78"
"Asia","cxv.ひぽ","525","693.80"
"Asia","Crooked Sienna","525","781.79"
"Asia","Pinokio_PosP","525","642.18"
"Asia","RSG Maoo","525","456.60"
"Asia","Rinkyfishy","525","735.57"
"Asia","Not s1сk","525","740.82"
"Asia","Violet ぴなぐらーーる","525","724.28"
"Asia","wow its beep","525","504.89"
"Asia","USE-CODE-berry","500","288.87"
"Asia","not-Mrs.","500","225.08"
"Asia","NW_ちょこみんとはぱっど","500","405.86"
"Asia","ƝuLL","500","588.08"
"Asia","Mastroуe iwnl","500","980.41"
"Asia","MK-きんにくまんhero_o","500","619.78"
"Asia","RK_ぽちるが","500","726.08"
"Asia","Rz_Selty","500","539.00"
"Asia","scytheGG.","500","445.55"
"Asia","rarapon","500","724.92"
"Asia","çañ","500","569.28"
"Asia","DreamZrn","500","138.94"
"Asia","Digger LOL","500","622.01"
"Asia","Ac.RyuChan","500","239.48"
"Asia","AlterEgo.KLOPZ","500","614.08"
"Asia","asaAAヲ","500","680.82"
"Asia","BaiYang.","500","320.88"
"Asia","LastRose K","500","576.79"
"Asia","jazdric on 144hz","500","388.10"
"Asia","HN-Fuxz","500","686.92"
"Asia","YouTube ワイルドホーク","500","736.71"
"Asia","XvS_crybaby","500","688.35"
"Asia","XvS_jackpot","500","542.26"
"Asia","童帝王ばにらsan","500","876.24"
"Asia","ポアラのマーチ","500","469.84"
"Asia","아 크","500","484.15"
"Asia","ガリガリがりくそん君","500","393.86"
"Asia","くあたそ","500","876.24"
"Asia","ぼくえいむ","475","878.58"
"Asia","Kuzen.FU","475","886.54"
"Asia","Like Sparkle","475","734.29"
"Asia","Ac.TKplayer","475","781.00"
"Asia","Dream iris.","475","737.29"
"Asia","Dominator Ermoch","475","667.45"
"Asia","CA.Fuuru","475","827.91"
"Asia","ttv JustMeKev.","475","637.15"
"Asia","SqeR がすてる","450","866.56"
"Asia","Universe てぃあのすけ","450","701.91"
"Asia","UR_UyuRiru","450","565.32"
"Asia","VANC Luke","450","640.61"
"Asia","Potatoe.iwnl","450","786.71"
"Asia","Ronau.D","450","733.02"
"Asia","NeZox435 125rus","450","489.55"
"Asia","nighthawk .","450","726.75"
"Asia","Mzerツ","450","715.54"
"Asia","Ac.FUDEN","450","626.23"
"Asia","AbyChasoツ","450","459.26"
"Asia","A_sun","450","739.96"
"Asia","AlterEgo.honn0u","450","525.79"
"Asia","ahhhh sarado","450","606.83"
"Asia","Axoak","450","772.22"
"Asia","Innryuko","450","631.21"
"Asia","神之愛","450","598.74"
"Asia","昨日の君を愛したyuzu","450","480.73"
"Asia","おかだいずこんぎょ","450","616.71"
"Asia","りーえるるるるるるるるるるるるる","425","443.43"
"Asia","Hydra GuiKzn","425","368.97"
"Asia","FF_Taketo","425","378.86"
"Asia","ANBU.KygoFishy","425","723.82"
"Asia","ANBU.Demon","425","385.89"
"Asia","ANL-yssa iwnl","425","542.91"
"Asia","Aria_ポートガス","425","250.38"
"Asia","cresc.べるとろ","425","591.88"
"Asia","Demon X -ZANE-","425","557.52"
"Asia","Ebla3","425","291.23"
"Asia","Nova.スーパージーンちゃん","425","312.97"
"Asia","PNG_NetBenK","425","828.39"
"Asia","Pacify MozziPH","425","490.20"
"Asia","Whitehrse","425","339.33"
"Asia","Slick Slot","425","436.18"
"Asia","TOP_faty iwnl","425","504.05"
"Asia","Truth or Darep","400","421.86"
"Asia","sleepless.s","400","656.90"
"Asia","Snoopy-PH","400","409.88"
"Asia","Simar Ps","400","285.95"
"Asia","sprRyu","400","631.19"
"Asia","Weibo_Ljgjiu.CN","400","590.91"
"Asia","Weelay","400","0.00"
"Asia","PacifyXander60ms","400","427.94"
"Asia","Peco JP","400","679.31"
"Asia","RTG Remaines","400","384.07"
"Asia","Schlag_","400","372.93"
"Asia","Rz.じゅえる","400","386.14"
"Asia","RycePH_","400","255.67"
"Asia","Sakuッ","400","443.96"
"Asia","NAKAMURAMM","400","616.34"
"Asia","NewHero チXポ","400","313.73"
"Asia","Mathew444","400","493.46"
"Asia","Doly 도리를 찾아서","400","519.26"
"Asia","Drake ちょこふぁっしょん","400","610.44"
"Asia","Drake.sn0w","400","351.19"
"Asia","CR.シバター","400","439.47"
"Asia","CVR.ZABUNN","400","520.52"
"Asia","Chubs.iwnl","400","519.80"
"Asia","Ace_変態ゲーマーXBELK","400","517.64"
"Asia","Act-fev1y","400","379.63"
"Asia","100pingonJPsever","400","323.51"
"Asia","525KR","400","511.95"
"Asia","4ndy.","400","601.49"
"Asia","ASEL_MinSeok至尊","400","423.53"
"Asia","Astera Ayato","400","680.09"
"Asia","Atlantis らいむ","400","623.76"
"Asia","BG Soxux","400","645.46"
"Asia","Branchies","400","0.00"
"Asia","BTJnoob","400","249.06"
"Asia","FF GHFORTIK","400","1019.60"
"Asia","FR.きゅきゅっとべんざ嫁募集","400","791.32"
"Asia","FA HzExtinct","400","0.00"
"Asia","Exousia Archie_o","400","413.47"
"Asia","Exousia Kei_o","400","385.80"
"Asia","EZ Havik","400","594.06"
"Asia","Ez Scrapy7331","400","594.06"
"Asia","HxL LuXe","400","376.22"
"Asia","Hype Dev YT","400","553.46"
"Asia","Houx Kanapy","400","399.60"
"Asia","HN-Bunta","400","593.54"
"Asia","hiroki121113","400","721.56"
"Asia","Growth_buri-da","400","130.34"
"Asia","itigogumi.","400","631.19"
"Asia","JOB.Rialy","400","270.14"
"Asia","leprous_simpler","400","328.13"
"Asia","kii_strawberry","400","490.10"
"Asia","k a o r u .","400","623.76"
"Asia","Komechiﺕ","400","646.04"
"Asia","はるきよV53","400","407.84"
"Asia","でぃーくんだょ","400","416.84"
"Asia","元コンバーターのRiskeyです","400","376.47"
"Asia","全知無能創造GODz林様爆笑","400","623.76"
"Asia","神滅ラヴィアレンジ","400","603.54"
"Asia","江苏百万妇女梦","400","524.54"
"Asia","さとこいずでゅあるしょっくよん","400","377.20"
"Asia","せだすちゃんユーチューバー","400","523.82"
"Asia","Был Madi T","400","248.39"
"Asia","てぃっぴーだお","375","602.22"
"Asia","YLc 一色いろは","375","708.30"
"Asia","Hz.H1-Rou_o","375","726.74"
"Asia","Horaace","375","714.89"
"Asia","exscind sucks","375","627.25"
"Asia","BtF_kunapipi","375","564.66"
"Asia","1TAP Pain","375","697.10"
"Asia","CL.Miy iwnl","375","368.31"
"Asia","VeRose ϟ","375","673.38"
"Asia","Spy-Avis iwnl","375","617.37"
"Asia","SST sio","375","395.32"
"Asia","TL-Nano","375","332.08"
"Asia","Tensekiだぉ","375","606.83"
"Asia","TINTINKAIKAI","350","592.34"
"Asia","STARK_Slame","350","328.12"
"Asia","srsly Atlantidツ","350","441.45"
"Asia","staxy iwnl","350","590.36"
"Asia","SqeR Refret","350","586.63"
"Asia","Šparkyz","350","440.13"
"Asia","SV_0I","350","579.21"
"Asia","SKぶゅりる","350","351.18"
"Asia","USG Dochaku","350","542.26"
"Asia","NW_いんふぁいす","350","542.26"
"Asia","OC Maho","350","548.85"
"Asia","SaaL YT","350","564.66"
"Asia","RSG GNX","350","415.75"
"Asia","Riddle ましんま","350","428.28"
"Asia","owned by n0rt","350","498.77"
"Asia","RATE.Gash","350","487.54"
"Asia","ȘqëɌ Ŗėƒŕęť","350","475.71"
"Asia","1TAP WhiteBird","350","401.92"
"Asia","Aiddle Vector","350","586.63"
"Asia","BraveN.FR","350","469.12"
"Asia","Hiroto528","350","592.34"
"Asia","HikunNeKo35","350","310.74"
"Asia","Hituki","350","589.04"
"Asia","húahua","350","420.37"
"Asia","Gambit.leyyner","350","442.22"
"Asia","JET Nest","350","500.09"
"Asia","Yo SaSaKi ツ","350","337.35"
"Asia","デカ魔羅ぷぷのぷ","350","485.60"
"Asia","ずっと前から好きでした 付き合っ","350","583.77"
"Asia","やなづめいずごっど","350","492.18"
"Asia","大剣使いのガリクソン","350","490.21"
"Asia","大合祈 しなちゃん","350","384.34"
"Asia","負けはまけ","350","354.64"
"Asia","しゅ.","350","515.25"
"Asia","えびくんbot","350","569.94"
"Asia","あめちン","350","356.46"
"Asia","пот Ꚃ","325","354.48"
"Asia","ゆーちゅーばーニーチェ先輩","325","484.93"
"Asia","るるるんるるんるるん","325","419.05"
"Asia","ぼんくら","325","521.83"
"Asia","ぶいぶいわーるどあまみやしぐしぐ","325","283.98"
"Asia","ぬーぶだにょーん","325","552.14"
"Asia","zegcy","325","213.48"
"Asia","Joshuazilkey","325","337.35"
"Asia","KOR Last","325","422.35"
"Asia","K2 Ziun","325","270.13"
"Asia","Liebe.ろど様 iwnl","325","239.53"
"Asia","Granalog","325","443.43"
"Asia","Granzchesta.","325","396.64"
"Asia","BRZ_Ayach","325","359.08"
"Asia","AgehaChloe iwnl","325","405.21"
"Asia","AGS CASEROx","325","529.09"
"Asia","ANBU.sneakyFishy","325","563.35"
"Asia","Animals.りっき.狼","325","562.02"
"Asia","101-Along.CN","325","456.67"
"Asia","Ac.NoYami","325","278.47"
"Asia","CODE NIKKEYEZ","325","389.97"
"Asia","calilam","325","394.01"
"Asia","Elclea","325","350.53"
"Asia","Qb_N.A.S.U","325","345.92"
"Asia","RICCA iwnl","325","508.28"
"Asia","Oscar Mackwood-","325","548.04"
"Asia","NT.R1t8u","325","388.08"
"Asia","MIRADOGα","325","552.14"
"Asia","MCL_Rebel","325","430.01"
"Asia","USG Ryunobi","325","419.05"
"Asia","Vanity Blyuh","325","251.69"
"Asia","WMWMWMMWMWMWMMWM","325","274.76"
"Asia","UG_igru-k700","325","660.60"
"Asia","SK 俺はネロ お前は寝ろ","325","386.10"
"Asia","ST - 999Tarヅ9M","325","461.87"
"Asia","STAN_Ephe","300","449.46"
"Asia","SqeR るる","300","362.71"
"Asia","SquadZy -ZANE-","300","371.28"
"Asia","Sly.Pablo.x_x","300","542.92"
"Asia","SnG_Donayre","300","533.69"
"Asia","Toys -ZANE-","300","371.28"
"Asia","Wok.JIBRILぼぶくん好","300","336.69"
"Asia","WLM_まーくん62","300","382.25"
"Asia","WRG DAYAMA","300","129.15"
"Asia","World of kind J","300","27.55"
"Asia","xChoco.","300","275.41"
"Asia","VANC Star_hoshi","300","268.34"
"Asia","Vanddochi","300","508.66"
"Asia","v1tmus","300","373.16"
"Asia","Use Code Kurse","300","434.86"
"Asia","Vertice.Min","300","133.75"
"Asia","viinkz high ping","300","120.58"
"Asia","Volop1k","300","238.51"
"Asia","Mew iwnl","300","297.82"
"Asia","Momoring .","300","186.47"
"Asia","Mal.代表取締役山本","300","402.58"
"Asia","Mam1Art_o iwnl","300","475.25"
"Asia","markenzy.","300","380.18"
"Asia","m1nd私","300","140.62"
"Asia","Nyonyowwwwww.ttv","300","358.91"
"Asia","Not Autoxic","300","133.67"
"Asia","NewHero ぼくらっぷ","300","63.92"
"Asia","ReFlex Tangey","300","240.50"
"Asia","RSG Kimmy","300","304.40"
"Asia","SaewooTV","300","284.94"
"Asia","Savier iwnl","300","158.14"
"Asia","RVG_Acis","300","463.19"
"Asia","Rz.ちとせ","300","519.80"
"Asia","RAK Tilt","300","363.70"
"Asia","Project Focus プロ","300","143.64"
"Asia","OVZ.Raclu","300","613.59"
"Asia","PD.silver","300","183.17"
"Asia","Phantom Genesis","300","218.09"
"Asia","PNG_ぴんきーぽんきー","300","568.79"
"Asia","Eccentric.J","300","224.98"
"Asia","DTN Killme","300","82.54"
"Asia","CCC.noskeだよ","300","194.77"
"Asia","ChimeraPH","300","434.55"
"Asia","crayon masao","300","459.90"
"Asia","Col_豆腐になりたかっただいず","300","78.41"
"Asia","Absorb.Genkiくん","300","472.17"
"Asia","allure is op","300","318.90"
"Asia","brokeboi wh1te","300","367.41"
"Asia","C9_Trona","300","460.40"
"Asia","Blow_えるくろ","300","252.35"
"Asia","Bloom Nabongfs","300","424.32"
"Asia","AT.yoo_o","300","407.85"
"Asia","Astera ほらぁまん","300","80.79"
"Asia","Aztrude","300","169.34"
"Asia","HarentiFN","300","415.84"
"Asia","HÄTĘ","300","408.42"
"Asia","Ext Rolu","300","187.12"
"Asia","Exousia Izumi다현","300","379.52"
"Asia","Evolve otome","300","254.99"
"Asia","FA Chancellor","300","334.16"
"Asia","FR_きるごあ","300","50.74"
"Asia","Fast. シキ","300","430.25"
"Asia","FaZe Kimarik","300","294.52"
"Asia","FeaR.Rypit","300","260.92"
"Asia","Liebe.zýna iwnl","300","552.14"
"Asia","Liebe.まいふぁっきんYT","300","55.70"
"Asia","kuro iwnl","300","182.51"
"Asia","lazy_ふぇいるにきだよおおお","300","77.74"
"Asia","I LIKE toothlees","300","460.40"
"Asia","im nrd","300","171.97"
"Asia","Im isikland","300","229.08"
"Asia","IG.FoxUU","300","106.74"
"Asia","Incrested.P","300","368.54"
"Asia","みのやん Vtuber","300","420.37"
"Asia","五等分のでーもん","300","202.28"
"Asia","令和 is mokou","300","531.06"
"Asia","레들이","300","169.99"
"Asia","رشدي ツ","300","237.18"
"Asia","あるてみすぅぅ","300","455.92"
"Asia","ちゃんねるマシュ_YT","300","412.46"
"Asia","CA.karakina","275","450.64"
"Asia","M_Hungry","275","286.62"
"Asia","WAW.Renegade","275","533.70"
"Asia","Wicked k0v0lski","250","425.64"
"Asia","vlenture_o","250","385.45"
"Asia","Universe だいぼう","250","506.02"
"Asia","TZD-CMKent","250","442.77"
"Asia","Tool_.","250","473.08"
"Asia","torchAim","250","489.55"
"Asia","TL lixx","250","459.90"
"Asia","Tsuru02_","250","454.63"
"Asia","SLD Dannyy","250","451.99"
"Asia","SKRIZ.Kelvin","250","405.21"
"Asia","SR_きなこだよおおお","250","379.52"
"Asia","StarlinNorple","250","358.43"
"Asia","Mother陽子","250","402.58"
"Asia","MCL_CBeter","250","362.39"
"Asia","NEXUS_ヒロインかしば","250","416.41"
"Asia","NEXUS_闇の帝王べいるん","250","345.25"
"Asia","Nay葉っぱ","250","371.61"
"Asia","Not Yuӽyㅋㅋ","250","353.16"
"Asia","NT.Sou_u","250","521.83"
"Asia","OZSAN30","250","434.86"
"Asia","RaTWIK -iwnl-","250","484.94"
"Asia","Col_元ヤンデレ乙女えいちゃん","250","367.66"
"Asia","Crax0ㅤ","250","407.85"
"Asia","CR.ねこてん","250","446.72"
"Asia","Crazyノア","250","413.78"
"Asia","Elliuut","250","466.49"
"Asia","Aster TcoChaaN","250","338.67"
"Asia","AsherKR","250","461.22"
"Asia","Bobby JP","250","430.91"
"Asia","BManBoogie","250","392.69"
"Asia","88 Syazren iwnl","250","433.54"
"Asia","01FakeName","250","458.58"
"Asia","IMP WarOGod","250","343.93"
"Asia","im kazz","250","525.79"
"Asia","iDBTM","250","386.10"
"Asia","JET NoahSlayer","250","332.08"
"Asia","Liebe.しゅんてゃんてゃん","250","397.96"
"Asia","kabocha iwnl","250","347.89"
"Asia","Kesohero_o","250","411.14"
"Asia","fate qt","250","445.54"
"Asia","h_man_live TTV","250","359.75"
"Asia","Hydra Sepphyre","250","382.81"
"Asia","Hydra_ZeuX 1HP","250","417.07"
"Asia","Growth_初動死猛者しろくま","250","394.01"
"Asia","GqttoNero","250","412.46"
"Asia","ジャスティス本田","250","417.73"
"Asia","クトリが好きなダイスのえる","250","511.29"
"Asia","あずりえる","250","423.27"
"Asia","友達0人 それでも僕は強く生きる","250","469.12"
"Asia","ふぉーとないたーmoryさん","250","378.71"
"Asia","綿瀬丸","250","343.94"
"Asia","愛の切り札キュアエース","250","361.06"
"Asia","ZELLFYⒶ","250","415.84"
"Asia","ZZKimbot","250","404.55"
"Asia","ZL SMTyodaGAMING","225","198.98"
"Asia","xNTvirus21","225","239.84"
"Asia","武器ガチャまじでおもんないって","225","357.78"
"Asia","りつくんだぅ","225","343.93"
"Asia","はしかんだお","225","278.71"
"Asia","무에서유를창조하는게내일이지","225","258.29"
"Asia","ちんこを舐めてるバナナ","225","312.31"
"Asia","Чипуха pizdun","225","305.07"
"Asia","Gyanッ","225","415.76"
"Asia","FB_maru","225","195.03"
"Asia","fine.FR","225","299.79"
"Asia","Free agent Delay","225","220.07"
"Asia","Falcon NBK","225","361.73"
"Asia","King Minii","225","318.90"
"Asia","kottEy.","225","321.53"
"Asia","Loic.","225","363.71"
"Asia","kuro-7218","225","243.13"
"Asia","KurehaFN","225","326.59"
"Asia","Jinwo0_0","225","349.20"
"Asia","ɐuɐuɐq","225","185.80"
"Asia","CODE XQZMY","225","276.74"
"Asia","CloverField JPN","225","301.11"
"Asia","P1 -ZANE-","225","376.89"
"Asia","RRQ xd Daniel","225","244.19"
"Asia","RTG Joshi","225","240.49"
"Asia","rikito-chanEnjoy","225","339.98"
"Asia","NEXUS_MrしきくんさんM","225","320.21"
"Asia","Neckokun.","225","338.05"
"Asia","MES JIREN","225","318.90"
"Asia","MASAOU_YAMAMORI","225","206.89"
"Asia","LoveAndPeace榊","225","392.03"
"Asia","SuperNova K","225","280.03"
"Asia","SirenGaming","225","336.69"
"Asia","TTV LaGojo","225","262.89"
"Asia","tinpokosamurai","225","326.15"
"Asia","TLN_DPJake","225","220.06"
"Asia","ttv.Eclipseツ","225","412.12"
"Asia","unreal Osechi","225","263.71"
"Asia","VANC_Solenoid爽風","225","274.09"
"Asia","VIP_9","225","311.65"
"Asia","viktle","225","265.53"
"Asia","Vertices_jijipon","200","0.00"
"Asia","VIP. Khánh Snack","200","271.46"
"Asia","Violet おさかなすき","200","109.80"
"Asia","Violet ばちこリーリエ","200","52.71"
"Asia","Violet 自称モデレーター","200","163.41"
"Asia","Universe りゃぴもん","200","219.61"
"Asia","wizardartur","200","130.46"
"Asia","wood_air","200","88.95"
"Asia","welqu","200","297.03"
"Asia","WHGT-KenBunz PH","200","143.64"
"Asia","twitch.Agesky","200","48.76"
"Asia","Trialth_","200","250.38"
"Asia","Trident Keith力","200","308.36"
"Asia","TSF_Qwe1zy iwnl","200","36.90"
"Asia","TriggerQQ Shadow","200","302.43"
"Asia","TF SangYun","200","423.53"
"Asia","TikTok Gosha","200","150.88"
"Asia","taka07230918","200","225.34"
"Asia","take 原田","200","50.08"
"Asia","syun nikku","200","95.53"
"Asia","SIRANUI_とものすけ YT","200","127.82"
"Asia","SHQLK","200","282.18"
"Asia","Shizukuツ","200","78.43"
"Asia","ShelieMayツ","200","237.20"
"Asia","Smile.ノラク iwnl","200","138.37"
"Asia","SV teaming","200","356.44"
"Asia","SWIFT lucas","200","193.07"
"Asia","Switch iwnl","200","34.26"
"Asia","SvR.ロレッタYoutube","200","141.18"
"Asia","SvR.tanasou_YT","200","59.30"
"Asia","Souriano","200","317.58"
"Asia","soutriceps","200","262.24"
"Asia","SqeR Pakupotin","200","161.43"
"Asia","SqeR えるべりあ","200","235.54"
"Asia","Spoonal","200","122.55"
"Asia","Luminas ぽきかみ","200","141.00"
"Asia","Lx1 Konoh4","200","303.09"
"Asia","Maporon-YT","200","113.33"
"Asia","ᴬᶜM","200","0.00"
"Asia","Mafuse","200","73.79"
"Asia","MES MAXXIIE","200","278.05"
"Asia","miki-2002-","200","196.35"
"Asia","Megum1N -_-","200","215.35"
"Asia","Mëëëøwツ","200","322.85"
"Asia","mouzyu","200","121.23"
"Asia","Mr HANTA","200","15.69"
"Asia","Mr_ぷにっち","200","97.51"
"Asia","Mírq","200","235.29"
"Asia","Missterrical","200","61.93"
"Asia","MJF DxceL","200","125.49"
"Asia","Mixis 懺悔","200","228.63"
"Asia","Nedium Migger","200","279.37"
"Asia","NEST FTZ.Brazen","200","169.99"
"Asia","NEXUS ぼくあびす","200","245.10"
"Asia","NEXUS_変士長ギリヴァイ","200","234.56"
"Asia","NEXUS_怪人王タラコ","200","115.49"
"Asia","NL.AnkMu MK2Ꭿ","200","305.69"
"Asia","NLACK B1GGER","200","183.17"
"Asia","Nn.KuroxD","200","22.40"
"Asia","NnG_haku_","200","179.22"
"Asia","Np_superNite","200","18.45"
"Asia","Not Shaik","200","174.23"
"Asia","Not iBlink","200","59.30"
"Asia","NolbertoEZ","200","0.00"
"Asia","OriGnqL","200","237.62"
"Asia","OC Sakura","200","114.65"
"Asia","Obea るふ","200","137.05"
"Asia","Rdp hakut","200","89.11"
"Asia","RW.RyuKun_n iwnl","200","152.86"
"Asia","RUSH.Tanochi","200","253.67"
"Asia","Russell_OKC","200","310.99"
"Asia","RRQ Lyn","200","296.50"
"Asia","RK Mels_x FN","200","439.22"
"Asia","RiP.bLacK","200","267.33"
"Asia","S2 thief","200","0.00"
"Asia","s1mej1x_x","200","160.77"
"Asia","sakuramochi4229","200","72.47"
"Asia","SCARZ Akipotin_n","200","217.34"
"Asia","SBS_Thunder","200","345.10"
"Asia","Sea_Is_Blue","200","188.44"
"Asia","SH.チャグ戦士アランくん","200","188.24"
"Asia","sh0ek1 ッ","200","162.09"
"Asia","Pacify Sam.","200","108.05"
"Asia","Pacify Porus","200","164.72"
"Asia","Phony Mate","200","152.20"
"Asia","RaŁýý","200","292.54"
"Asia","ProFessor シ","200","10.54"
"Asia","PrivateJoe","200","180.53"
"Asia","postal.hk","200","195.26"
"Asia","PRDX.Ahad0ne","200","182.51"
"Asia","PulseX Ghetto","200","124.53"
"Asia","CieL ひろてぃー","200","341.58"
"Asia","Ciica.","200","258.28"
"Asia","Ck.HarinezuneeeE","200","3.95"
"Asia","CCC.Yudora","200","102.78"
"Asia","CAQ_xAiLLyaS.","200","268.82"
"Asia","ChaR Lodi","200","256.96"
"Asia","ChaR_Alden","200","239.83"
"Asia","Chachq","200","235.29"
"Asia","CR1MS0N EXPERT","200","298.04"
"Asia","Crysticfyqq","200","141.59"
"Asia","Đaigo","200","156.86"
"Asia","Daedrax","200","142.98"
"Asia","eL.新田 日向","200","313.73"
"Asia","Drake 黒の剣士","200","206.89"
"Asia","drakon2k","200","208.20"
"Asia","DixrL","200","282.35"
"Asia","Dev Shonen YT","200","34.26"
"Asia","Deadjoy","200","86.97"
"Asia","decroya.sg","200","244.44"
"Asia","DeganDE","200","23.72"
"Asia","AyuFN","200","334.16"
"Asia","Ayur32","200","128.48"
"Asia","Astera BwK","200","299.13"
"Asia","Astera りーえる","200","106.74"
"Asia","Astra めだまやき","200","297.16"
"Asia","AT.爆炎口内炎のりかおん","200","203.92"
"Asia","BC.死体撃ち芸人ぐそく","200","282.00"
"Asia","bossbabycornman","200","0.00"
"Asia","BossJM ジザ","200","266.85"
"Asia","Blackpapa2525","200","188.24"
"Asia","byelies","200","0.00"
"Asia","1z vanillaー","200","168.01"
"Asia","1TAP DaKleck0","200","63.91"
"Asia","200iq.kenz1","200","250.98"
"Asia","4shly","200","311.88"
"Asia","420_BongRat","200","213.48"
"Asia","ABNNPWAFHJUIOAWM","200","264.87"
"Asia","Absorb 銀河のだーちゃん","200","517.65"
"Asia","Absorb 銀河のらいあ","200","517.65"
"Asia","alibabakun_-","200","371.29"
"Asia","Ａhehe","200","454.90"
"Asia","Aim Revolution","200","175.92"
"Asia","Arthur JPN","200","326.73"
"Asia","Aqwella iwnl","200","282.35"
"Asia","JPN_Strafe","200","89.61"
"Asia","ItsProdigyFN","200","0.00"
"Asia","im llangerss","200","175.92"
"Asia","IiRyu xd","200","144.29"
"Asia","Is Me Tân Điếu","200","176.58"
"Asia","Kzswag.MN","200","297.03"
"Asia","L4c.kinako","200","200.50"
"Asia","L4c.ケツにムネついてますよ","200","181.85"
"Asia","LaziNess.Hayat0","200","206.89"
"Asia","kovaak bot xD","200","133.66"
"Asia","Kieren.","200","127.82"
"Asia","Evolve peNTa","200","297.16"
"Asia","flx","200","0.00"
"Asia","First.Laquax","200","252.48"
"Asia","Fear_An","200","216.11"
"Asia","Fast.しょりたゃ","200","316.26"
"Asia","Fast.miry","200","2.64"
"Asia","fantech Saddy6","200","224.68"
"Asia","H1de_Lemonchan","200","266.67"
"Asia","Guilty_oHaRo_o","200","179.22"
"Asia","Hazu_Net","200","134.41"
"Asia","Hydra Floopy","200","237.20"
"Asia","HP_1224","200","232.59"
"Asia","hkd.boryator9","200","300.45"
"Asia","Hi Im Kuronon","200","297.03"
"Asia","Goskun","200","129.14"
"Asia","Growth_sugar","200","207.55"
"Asia","Glanz_Dora","200","392.16"
"Asia","GFッNerdDrose-_-","200","192.39"
"Asia","G.I.B.E.S","200","66.55"
"Asia","G_Orca","200","148.51"
"Asia","الثديالمهبل","200","109.37"
"Asia","きゅーぴーー","200","117.28"
"Asia","あせろらだヨ","200","177.90"
"Asia","あだるとちょっぱーばっすんP","200","15.69"
"Asia","あーるえふ","200","98.83"
"Asia","エスす","200","219.61"
"Asia","おちゅーちゅーとチュウ","200","195.03"
"Asia","おらつばちゃん","200","130.46"
"Asia","わるきゅーれしゃぷえもん","200","193.07"
"Asia","君に恋しちゃう田中","200","9.22"
"Asia","半藏的右乳头","200","93.56"
"Asia","최우밍","200","269.49"
"Asia","ぱち.","200","126.51"
"Asia","ハンチャ YouTube","200","251.69"
"Asia","となりのトトロのとなりのろるか","200","341.58"
"Asia","やきしあちゃん","200","185.15"
"Asia","ぼくとまと","200","209.52"
"Asia","まぁずちゃむ","200","371.29"
"Asia","マジシリーズ マジイケボ","200","19.77"
"Asia","みかんだぅ","200","71.16"
"Asia","ふりちー","200","266.19"
"Asia","ピンクの悪魔カ一ビィ","200","44.55"
"Asia","量子世界のŸélløw","200","78.43"
"Asia","鬼がかってるÐìz","200","117.99"
"Asia","xd Minasu F","200","154.18"
"Asia","XV_SAIBER","200","260.26"
"Asia","xXxSamGoHAM69xXx","200","100.15"
"Asia","Yakiimoです","200","101.47"
"Asia","YAMA_67","200","39.53"
"Asia","YLc 由比ヶ浜結衣","200","299.79"
"Asia","YouTube PuPuPu","200","201.62"